{"text": " You can stuff it up your arse for nothing and fuck off while you're doing it.", "segments": [{"id": 0, "seek": 0, "start": 0.0, "end": 4.0, "text": " You can stuff it up your arse for nothing and fuck off while you're doing it.", "tokens": [50364, 509, 393, 1507, 309, 493, 428, 594, 405, 337, 1825, 293, 283, 1311, 74, 766, 1339, 291, 434, 884, 309, 13, 50564], "temperature": 0.0, "avg_logprob": -0.3645819028218587, "compression_ratio": 1.0547945205479452, "no_speech_prob": 0.12108172476291656}], "language": "English"}